{
  "action_fingerprints": {
    "action_listen": {
      "slots": []
    },
    "utter_happy": {
      "slots": []
    },
    "utter_goodbye": {
      "slots": []
    }
  },
  "rasa_core": "0.12.0a4",
  "python": "3.6.5",
  "max_histories": [
    null,
    3,
    3
  ],
  "ensemble_name": "rasa_core.policies.ensemble.SimplePolicyEnsemble",
  "policy_names": [
    "rasa_core.policies.fallback.FallbackPolicy",
    "rasa_core.policies.memoization.MemoizationPolicy",
    "rasa_core.policies.keras_policy.KerasPolicy"
  ]
}