{
  "action_fingerprints": {
    "action_listen": {
      "slots": []
    },
    "utter_goodbye": {
      "slots": []
    },
    "utter_happy": {
      "slots": []
    }
  },
  "python": "3.6.5",
  "max_histories": [
    5,
    null,
    5
  ],
  "ensemble_name": "rasa_core.policies.ensemble.SimplePolicyEnsemble",
  "policy_names": [
    "rasa_core.policies.keras_policy.KerasPolicy",
    "rasa_core.policies.fallback.FallbackPolicy",
    "rasa_core.policies.memoization.MemoizationPolicy"
  ],
  "trained_at": "20190306-134521",
  "rasa_core": "0.14.0a2",
  "tensorflow": "1.12.0",
  "sklearn": "0.20.2"
}